customer,projectName,ProjectArchived,status,Active,TestProject,dateCreated,estimator,projectNumber,sales,LaborSales,LaborCost,cost,hours,Quantity
"LL Groff & Son, Inc.",Rohrers Office Building ,No,Bid Submitted,No,No,2/18/2026,Steffy Rick,(blank),88515.12,69694.21,65749.23,82591.57,785,13877.69
Wynstride,Complete Recycling Group ,No,Bid Submitted,No,No,2/18/2026,Stoltzfus Jr Isaac,(blank),596195.12,73953,54780,449725.95,1421,116422.22
Heck Construction,Manada Electric,No,Estimating,No,No,2/17/2026,Steffy Rick,(blank),,,,,,
Warfel Construction,Landis Homes - Facilities Building,No,Bid Submitted,No,No,2/17/2026,Steffy Rick,(blank),42685.4,24091.83,22728.13,38714.59,291,8208.74
"Ames Construction, Inc.",Giant #6459,No,Estimating,No,No,2/13/2026,Stoltzfus Jr Isaac,(blank),439141.42,204772.19,195021.1,417258.4,2409,83923.84
Heck Construction,Dormakaba Reamstown,No,Bid Submitted,No,No,2/12/2026,Steffy Rick,(blank),7084.96,5380.91,5076.33,6587.87,65,109.04
"Hoover Building Specialists, Inc.",If It's Water,No,Bid Submitted,No,No,2/12/2026,Swinehart Shelly,(blank),77790.19,36182.8,34134.72,69796.18,427.5,2059.37
"Hoover Building Specialists, Inc.",Edge Metalworks,No,Bid Submitted,No,No,2/10/2026,Swinehart Shelly,(blank),282454.95,69379.78,65452.63,248499.41,811,39078.36
Warfel Construction,Moravian Manor Woodlands,No,Bid Submitted,No,No,2/9/2026,Steffy Rick,(blank),225817.4,102318.7,96527.09,202868.93,1219,65879.14
(blank),Engel Architects Basement,No,Estimating,Yes,No,2/6/2026,Gilmore Todd,Engel Architects Basement,2688.21,1526,872,1536.12,22.5,40.64
(blank),Standard Estimating Template,No,Estimating,No,No,2/6/2026,(blank),(blank),,,,,,
"Hoover Building Specialists, Inc.",Spring Valley Church of God Interior Balcony,No,Bid Submitted,No,No,2/4/2026,Swinehart Shelly,(blank),32294.19,17180.18,8463.16,21482.93,201,347.07
Heck Construction,Weaver Industries,No,Bid Submitted,No,No,2/2/2026,Steffy Rick,(blank),21530.19,14896.53,6896.54,12615.08,164.5,266.5
Cedar Run Construction,Oakwood Manor,No,Bid Submitted,No,No,1/30/2026,Steffy Rick,(blank),70983.79,32477.41,16254.96,49455.28,387,13407.27
Storage Construction,Valley Storage Lititz Springs,No,Bid Submitted,No,No,1/30/2026,Steffy Rick,(blank),403077.36,191594.95,93460.94,275613.34,2214.5,59013.48
"Hoover Building Specialists, Inc.",J-Tech,No,Bid Submitted,No,No,1/29/2026,Swinehart Shelly,(blank),778876.28,254298.1,124655.93,574158.69,2967.75,20656.19
"Hoover Building Specialists, Inc.",Sporting Hill Christian School,No,Bid Submitted,No,No,1/28/2026,Steffy Rick,(blank),88502.31,39351.64,29587.66,66785.21,703.5,1458.76
Scenic Ridge Construction,John F Martin,No,In Progress,Yes,No,1/28/2026,Steffy Rick,2601 - JFM,937951.61,257729.15,128447.12,653802.04,3060,6699.45
"Hoover Building Specialists, Inc.",Distefano Landscape,No,Bid Submitted,No,No,1/26/2026,Steffy Rick,(blank),40892.32,12225.17,9191.86,31272.24,218.5,971.58
(blank),New Holland Pole Barn,No,Bid Submitted,No,No,1/26/2026,Steffy Rick,(blank),54355.95,10010.52,10010.52,48188.15,238,866.86
"Benchmark Construction Co., Inc.",Messiah Lifeways Fernecrest Apartments ,No,Bid Submitted,No,No,1/23/2026,Stoltzfus Jr Isaac,(blank),710381.22,225137.08,166768.2,544561.06,4005,69964.4
"Ames Construction, Inc.",Wawa #8213,No,Bid Submitted,No,No,1/22/2026,Stoltzfus Jr Isaac,(blank),265546.15,97658.71,70767.18,193084.07,1699.5,32009.77
"Benchmark Construction Co., Inc.",Thaddeus Stevens - Dorm Building ,No,Estimating,No,No,1/22/2026,Stoltzfus Jr Isaac,(blank),0,0,0,0,0,39226.48
"Milex Construction, LLC",Brixmor - Barn Plaza ,Yes,Estimating,No,No,1/22/2026,Stoltzfus Jr Isaac,(blank),0,0,0,0,0,638.04
Warfel Construction,Garden Spot - Sycamore Springs ,No,Bid Submitted,No,No,1/22/2026,Stoltzfus Jr Isaac,(blank),1455469.83,354647.43,260770.16,1105355.36,6258,327294.23
Warfel Construction,Landis Homes - The Meadows Building 3 ,No,Bid Submitted,No,No,1/22/2026,Stoltzfus Jr Isaac,(blank),113387.24,26583.8,19404.24,84334.78,466,30049.67
"Hoover Building Specialists, Inc.",Melvin Weaver 2024,No,Estimating,No,No,1/21/2026,Swinehart Shelly,(blank),122446.64,60096.53,28380.88,81762.83,675,5967.74
Scenic Ridge Construction,Rob Rush ,No,Bid Submitted,No,No,1/21/2026,Steffy Rick,(blank),35304.67,7344.78,7344.78,32146.08,173.5,2527.61
Brecknock Builders LLC,Weavertown Mennonite School,No,Bid Submitted,No,No,1/19/2026,Swinehart Shelly,(blank),130134.47,42597.93,32028.5,99580.58,831,2258.1
"Hoover Building Specialists, Inc.",Mennonite Disaster Services,No,Bid Submitted,No,No,1/19/2026,Swinehart Shelly,(blank),77996.76,19634.27,14762.6,59385.87,351,1830.38
Heck Construction,DVGRR,No,Bid Submitted,No,No,1/16/2026,Steffy Rick,(blank),32525.13,12520.88,12520.88,29792.97,416.76,3697.2
(blank),Standard Estimating Template,Yes,Estimating,No,No,1/16/2026,(blank),(blank),,,,,,
Brecknock Builders LLC,Edge Metal Works,No,Bid Submitted,No,No,1/15/2026,Steffy Rick,(blank),280285.33,87254.31,30508.5,196420.81,794,40705.53
Heck Construction,218 East Madison Street,No,Bid Submitted,No,No,1/14/2026,Steffy Rick,(blank),17071.11,5008,5008,15390.19,130,4793.42
Brecknock Builders LLC,Cozy Cabins Shed,No,Bid Submitted,No,No,1/12/2026,Steffy Rick,(blank),33311.53,10563.74,7767.45,24714.35,201.87,928.92
"Hoover Building Specialists, Inc.",Goods Store Quarryville,No,In Progress,Yes,No,1/12/2026,Steffy Rick,2601 - GSQ,260780.54,74681.62,56151.6,195507.28,1433.1,3713.9
Smucker Brothers Construction,Engel Properties ,No,Bid Submitted,No,No,1/12/2026,Stoltzfus Jr Isaac,(blank),87796.41,18554.31,13846.5,71441.23,357,11298.36
Speedwell Construction Inc.,Wawa #8236 ,No,Bid Submitted,No,No,1/12/2026,Stoltzfus Jr Isaac,(blank),182929.02,66867.12,49167,135067.32,1281,25007.23
Brecknock Builders LLC,Cozy Cabins,No,Bid Submitted,No,No,1/9/2026,Steffy Rick,(blank),1110139.46,194247.66,146050.88,840222.28,3798.97,22889.16
J.E. Horst Building and Remodeling,Foxcraft Cabinets,No,Bid Submitted,No,No,1/7/2026,Steffy Rick,(blank),149321.29,30879.96,23218,113096.29,603,3148.9
Horst Excavating,GLC Lehigh Valley Warehouse,No,Bid Submitted,No,No,1/6/2026,Steffy Rick,(blank),1904745.07,342350.66,257406.5,1442433.14,6702.5,345031.12
CH+N Site,GLC Lehigh Valley Warehouse,No,Bid Submitted,No,No,1/5/2026,Steffy Rick,(blank),1904745.07,342350.66,257406.5,1442433.14,6702.5,345031.12
Funk Construction,Cornwall Manor Woods Campus Apartments ,No,Bid Submitted,No,No,12/31/2025,Stoltzfus Jr Isaac,(blank),588235.51,111464.81,82566.5,478540.73,2135,36461.25
CCS Building Group,Providence Park Garage 306,No,Lost,Yes,No,12/30/2025,Steffy Rick,2512 - PPG,530.85,414,207,284.9,5,6.27
"Hoover Building Specialists, Inc.",Village Farm Market ,No,Bid Submitted,No,No,12/30/2025,Steffy Rick,(blank),274154.77,95548.94,71841.26,207392.84,1866.02,6033.76
Precise Concrete Walls,Mercersburg WWTP,No,Bid Submitted,No,No,12/30/2025,Steffy Rick,(blank),33917.45,30386.31,20257.54,23410.34,396.5,398.5
J.E. Horst Building and Remodeling,L&L Marketplace,No,Bid Submitted,No,No,12/29/2025,Steffy Rick,(blank),344922.68,109667.27,81235,257870.56,2117.9,46259.75
Caritas Construction,Village at Painters Crossing ,No,Bid Submitted,No,No,12/24/2025,Stoltzfus Jr Isaac,(blank),253027.98,112704.56,82871,191729.17,2149.5,41285.76
"A & E Construction, Inc.",Village at Painters Crossing ,No,Bid Submitted,No,No,12/22/2025,Stoltzfus Jr Isaac,(blank),253027.98,112704.56,82871,191729.17,2149.5,41285.76
Brecknock Builders LLC,Melard Coach ,No,Bid Submitted,No,No,12/22/2025,Steffy Rick,(blank),43816.32,15096.17,11350.5,33531.5,295.5,6418.59
DML Poured Walls,Complete Recycling Group ,No,Bid Submitted,No,No,12/22/2025,Stoltzfus Jr Isaac,(blank),620038.14,78842.28,59729,475184.15,1549,116565.22
"Ames Construction, Inc.",Wawa #8236 ,No,Bid Submitted,No,No,12/19/2025,Stoltzfus Jr Isaac,(blank),225187.88,79920.4,58765,166158.39,1530,26271.23
"Centurion Construction Group, LLC",Illuminated Integration - Warehouse ,No,Bid Submitted,No,No,12/19/2025,Stoltzfus Jr Isaac,(blank),138691.49,65551.22,46822.3,100352.85,1213.6,13909.36
"Centurion Construction Group, LLC",Katallasso ,No,Bid Submitted,No,No,12/19/2025,Stoltzfus Jr Isaac,(blank),158796.33,64434.08,47378,118547.25,1228,17412.41
"Centurion Construction Group, LLC",Wolfgang - Warrell Warehouse 4 ,No,Bid Submitted,No,No,12/19/2025,Stoltzfus Jr Isaac,(blank),68605.75,34264.02,24829,51377.35,644,4705.04
"Hoover Building Specialists, Inc.",Kings Casual,No,Bid Submitted,No,No,12/16/2025,Swinehart Shelly,(blank),264122.33,42057.26,31622,199270.35,821.5,6442.21
(blank),Ducklings Ambassador Circle Site,No,Estimating,Yes,No,12/16/2025,Allgyer Mervin,Ducklings Ambassador Circle Site,,,,,,
"Centurion Construction Group, LLC",Members First Gettysburg ,No,Bid Submitted,No,No,12/15/2025,Stoltzfus Jr Isaac,(blank),13208.07,7987.5,5325,8805.38,137,731.55
"Hoover Building Specialists, Inc.",Dan Rysewski,No,Bid Submitted,No,No,12/15/2025,Steffy Rick,(blank),101141.76,21049.25,15826.5,76046.43,414.5,16085.62
"Hoover Building Specialists, Inc.",Farmer Boy Ag,No,Bid Submitted,No,No,12/10/2025,Swinehart Shelly,(blank),247211.97,34402.31,25866.4,186588.26,672.22,5186.06
"Hoover Building Specialists, Inc.",Center Mennonite Church,No,Bid Submitted,No,No,12/8/2025,Swinehart Shelly,(blank),9998.93,6267.63,4712.5,7517.99,122,1172.84
Heck Construction,Gish Furniture Sitework,No,In Progress,Yes,No,12/4/2025,Steffy Rick,2512 - GFS,76668.93,40742.74,30633.63,57645.79,539,3966.65
"Murry Communities, Ltd.",34 E Roseville Road,No,Bid Submitted,No,No,12/4/2025,Steffy Rick,(blank),61159.76,27909.91,20674,45593.19,536,7044.84
"Centurion Construction Group, LLC",DAF Water Treatment Plant ,No,Bid Submitted,No,No,12/3/2025,Stoltzfus Jr Isaac,(blank),86727.62,44541.75,29694.5,57977.08,769.5,7325.79
Weaver Construction,Lancaster Archery,No,Bid Submitted,No,Yes,11/28/2025,Stoltzfus Jr Isaac,2506-LA,417950.49,133721.7,95515.5,307765.05,2478,47017.26
"Hoover Building Specialists, Inc.",Foxcraft Cabinets,No,Bid Submitted,No,No,11/26/2025,Swinehart Shelly,(blank),156017.29,30879.96,23218,118130.86,603,3562
Heck Construction,Chester County SWA HHW Facility,No,Bid Submitted,No,No,11/25/2025,Steffy Rick,(blank),168811.88,110026.27,82109.15,126723.77,1208,12712.14
"C. Raymond Davis & Sons, Inc.",Chabad House,No,Bid Submitted,Yes,No,11/24/2025,Stoltzfus Jr Isaac,2511-CH,305185.37,82388.04,57614,240197.53,1494.5,22053.09
"Hoover Building Specialists, Inc.",Weavertown Mennonite School,No,Bid Submitted,No,No,11/21/2025,Swinehart Shelly,(blank),163202.05,49272.53,37047,124443.47,961.5,3392.09
Warfel Construction,Landis Homes - Grounds Keeping Building,No,Bid Submitted,No,Yes,11/21/2025,Steffy Rick,2511 - LHGB,118202.33,35951.86,25679.9,87040.9,668.8,16780.82
Brecknock Builders LLC,Rushtown Poultry,No,Bid Submitted,No,Yes,11/20/2025,Swinehart Shelly,2511-RP,726206.35,184215.65,138508,553638.08,3609.5,29638.92
Heck Construction,Guardian Barrier Mt Joy Wire Lot,No,Bid Submitted,No,Yes,11/19/2025,Steffy Rick,2511 - GBMJWL,170779.53,73388.05,54361.5,128785.14,1412,19760.78
Warfel Construction,Arconic B&G,No,Bid Submitted,No,Yes,11/19/2025,Steffy Rick,2511 - ABG,287033.65,40423.6,28874,215963.71,750,29065.34
Heck Construction,Cloister Warehouse,No,Bid Submitted,No,Yes,11/18/2025,Steffy Rick,2511 - CW,139719.22,54870.08,40644.5,105382.92,962,10406.29
"Hoover Building Specialists, Inc.",J-Tech,No,Bid Submitted,No,Yes,11/17/2025,Swinehart Shelly,2511-JT,73838.19,21784.08,16379,55517.44,426,2022.42
Warfel Construction,Veritas Academy,No,In Progress,Yes,No,11/17/2025,Steffy Rick,2511 - VA,118660.81,36542.8,26102,89784.06,677.5,21253.18
"Hoover Building Specialists, Inc.",Mine Road Church,No,In Progress,Yes,No,11/14/2025,Swinehart Shelly,2511-MRC,40256.23,15823.68,11897.5,30267.85,307.5,2215.87
CCS Building Group,Memory Care Meditation Building,No,In Progress,Yes,No,11/13/2025,Steffy Rick,2511 - MCMB,188695.03,101252.04,75001.5,140239.32,1948,11122.39
CCS Building Group,Willow Valley Lakes Core Phase 2,No,Bid Submitted,No,Yes,11/13/2025,Steffy Rick,2511 - WVLC2,90837.38,33472.79,25167.5,68803.88,650,12275.81
"B.R. Kreider & Son, Inc.",Collegeville Apartments Site,No,Bid Submitted,No,Yes,11/12/2025,Stoltzfus Jr Isaac,2511-CS,182338.68,95411.45,65801,125750.8,1707,28821.95
Brecknock Builders LLC,Valley View Doors,No,Lost,Yes,No,11/12/2025,Steffy Rick,2511 - VVD,64673.48,17204.89,12936,49256.33,336,10018.34
Heck Construction,Wellspan Rothsville Ramp,No,Bid Submitted,No,Yes,11/10/2025,Steffy Rick,2511 - WRR,13100.97,7889.45,5441,9376.53,140.5,750.36
(blank),Cavod Performing Arts Center,No,Bid Submitted,No,Yes,11/10/2025,Steffy Rick,2511 - CPAC,28586.47,8157.38,6042.5,21596.69,157,6488.47
"Hoover Building Specialists, Inc.",Rushtown Poultry,No,Bid Submitted,No,Yes,11/6/2025,Swinehart Shelly,2511-RP,888653.64,244489.94,183827,675964.02,4788.5,28454.87
"Hoover Building Specialists, Inc.",Spring Valley Church of God,No,Bid Submitted,No,Yes,11/5/2025,Swinehart Shelly,2511-SVCOG,20578.6,9994.29,7514.5,15472.64,195.5,1474.25
Warfel Construction,Landis Homes Barn,No,Bid Submitted,No,Yes,11/5/2025,Steffy Rick,2511 - LHB,145507.9,42948.5,30677.5,111057.72,795,17194.96
Heck Construction,Railroad Preservation Society,No,Bid Submitted,No,Yes,11/4/2025,Steffy Rick,2511 - RPS,11206.41,5332.6,3809,8235.94,98,683.73
"Hoover Building Specialists, Inc.",Sauders Feedmill,No,In Progress,Yes,No,11/4/2025,Swinehart Shelly,2511-SFM,45108.44,9763.53,7341,34105.59,190.5,1248.72
(blank),PMC Operations,No,Estimating,Yes,Yes,11/4/2025,Gilmore Todd,(blank),0,0,0,0,0,0
CCS Building Group,Memory Care 3A,No,In Progress,Yes,No,11/3/2025,Steffy Rick,2510 - MC3A,249004.52,111181.39,71637.5,161811.53,1863.5,4803.5
Engel Architects,Engel Architects Basement VOID,No,Complete,No,No,11/3/2025,Stoltzfus Levi,2511-EA,,,,,,
Keystruct Construction LLC,Yale Electric,No,Bid Submitted,No,Yes,10/31/2025,Steffy Rick,2510 - YE,199851.63,30640.28,22696.5,159544.14,587,13343.23
"A & E Construction, Inc.",Giant Food Store #6582,No,Lost,No,Yes,10/30/2025,Stoltzfus Jr Isaac,2508 - GI,680542.1,217494.46,161107,517305.43,4173,122642.14
BN Excavating Inc.,Lancaster Archery Site,No,Bid Submitted,No,Yes,10/30/2025,Stoltzfus Jr Isaac,2510-LS,62125.81,32586.82,23786,45347.29,617,12217.34
Heck Construction,Lebanon Steel Works,No,Bid Submitted,No,Yes,10/30/2025,Steffy Rick,2510 - LSW,26344.44,15356.33,11047.72,19436.95,200.5,1878.51
Lynmar Builders,Giant Food Store,No,Lost,No,Yes,10/30/2025,Stoltzfus Jr Isaac,2508 - GI,680542.1,217494.46,161107,517305.43,4173,122642.14
"Ames Construction, Inc.",Giant #6582,No,In Progress,Yes,No,10/29/2025,Stoltzfus Jr Isaac,2508 - GI,660636.05,195804.01,145040,503069.02,3756,121175.73
Conowongo Builders,Hanover Community Church,No,Lost,No,Yes,10/29/2025,Steffy Rick,2510 - HCC,185250.74,47889.24,31300.15,136932.86,812.53,14533.39
"Hoover Building Specialists, Inc.",Telford Contractor Storage,No,Lost,No,Yes,10/29/2025,Steffy Rick,2510 - TCS,35973.79,12904.99,9703,27047.97,253,689.18
CCS Building Group,121 S Prince Street,No,Lost,No,Yes,10/28/2025,Steffy Rick,2510 - 121,1107.31,481.5,321,738.21,8,12.01
"Benchmark Construction Co., Inc.",SLI George Street,No,Bid Submitted,No,Yes,10/27/2025,Steffy Rick,2510 - SLIGS,309646.06,114446.5,81747.5,222316.07,2121.5,40790.93
J.E. Horst Building and Remodeling,Dutch Cousins Campground,No,In Progress,Yes,No,10/23/2025,Steffy Rick,2510 - DCC,114593.35,32398.66,23999,85898.69,623.5,25511.44
CCS Building Group,Country Meadows - York - Entrance,No,Lost,No,Yes,10/20/2025,Steffy Rick,2510 - CMY,31526.49,20299.13,15262.5,23878.63,396.5,1567.47
"Hoover Building Specialists, Inc.",Smucker's Hardscape,No,Bid Submitted,No,Yes,10/20/2025,Swinehart Shelly,2510-SH,52152.24,13197.2,9922.7,39782.93,258.9,1272.69
Keller Contracting LLC,St Peters Church,No,Bid Submitted,No,Yes,10/17/2025,Stoltzfus Jr Isaac,2510 - SP,130755.41,43790.6,31279,94263.39,811.5,14916.01
"Hoover Building Specialists, Inc.",Lanco Lift,No,Bid Submitted,No,Yes,10/16/2025,Swinehart Shelly,2510- LL,105306.6,28808.47,21660.5,79521.52,563.5,3631.05
"Centurion Construction Group, LLC",Harrisburg Christian School,No,Complete,No,No,10/15/2025,Steffy Rick,2510 - LCS,25756.08,17594.5,7997.5,15350.28,208,3594.87
Blue Ball Mennonite Church,Blue Ball Church,No,Delayed,No,Yes,10/14/2025,Swinehart Shelly,2510-BBC,66138.36,26134.5,19650,49917.56,509.5,5592.86
High Construction Company,Highlands Flex Warehouse,No,Bid Submitted,No,Yes,10/13/2025,Steffy Rick,2510 - HFW,1039049.16,391017.38,194536,778348.42,5054.5,156658.44
Kinsley Construction,St Peters Church,No,Bid Submitted,No,Yes,10/13/2025,Stoltzfus Jr Isaac,2510 - SP,130755.41,43790.6,31279,94263.39,811.5,14916.01
Funk Construction,St Peters,No,Bid Submitted,No,Yes,10/10/2025,Stoltzfus Jr Isaac,2510 - SP,129856.11,43477.84,31279,94263.39,811.5,14916.01
J.E. Horst Building and Remodeling,Farmer Boy Ag,No,Bid Submitted,No,Yes,10/10/2025,Steffy Rick,2510 - FBA,480860.95,80086.62,60215.5,362231.7,1566.5,96705.36
Scenic Ridge Construction,Alexander Drive Addition Latest,No,Accepted,No,Yes,10/10/2025,Steffy Rick,501-A,95433.53,12603.56,10078.4,80362.59,262,745.09
CBG Building Company,Ave Horsham Apartments + Garage,No,Bid Submitted,Yes,No,10/8/2025,Stoltzfus Jr Isaac,2510 - HA,3630772.51,957616.78,685740.5,2774351.02,17490.5,298957.01
"Centurion Construction Group, LLC",St Peters,No,Bid Submitted,No,Yes,10/8/2025,Stoltzfus Jr Isaac,2510 - SP,129856.11,43477.84,31279,94263.39,811.5,14916.01
Heck Construction,Strasburg Railroad Bathroom,No,Bid Submitted,No,Yes,10/8/2025,Steffy Rick,2510 - SRB,9180.37,3982.02,2994,6965.68,77,889.33
CCS Building Group,WVC - Lakes Phase I,No,In Progress,Yes,No,10/7/2025,Steffy Rick,2510 - LCR,3878.01,2193.17,1649,3009.77,42.5,76.57
Heck Construction,Eastern Palace Restaurant,No,Bid Submitted,No,Yes,10/7/2025,Steffy Rick,2510 - EPR,72706.71,29545.95,22215,55271.92,577,6039.58
"Hoover Building Specialists, Inc.",Gateway Church,No,Delayed,No,Yes,10/7/2025,Swinehart Shelly,2510-GC,223111.09,60554.91,45530,169422.16,1182.5,5517.45
"Hoover Building Specialists, Inc.",Goods Store - Ephrata State Street,No,Complete,Yes,No,10/7/2025,Steffy Rick,2510 - GSE,2119,982.87,739,1593.24,19,59.66
(blank),New Project,Yes,Estimating,No,No,10/7/2025,Gilmore Todd,(blank),,,,,,
"B.R. Kreider & Son, Inc.",Hershey Park Artist Compound,No,Lost,No,Yes,10/6/2025,Steffy Rick,2510 - HPAC,211543.51,83411.26,57525,148427.63,1497,26950.79
Funk Construction,Agape Safe Haven - Arthur Funk,No,Bid Submitted,No,Yes,10/6/2025,Steffy Rick,2510 - ASH,159983.6,54952.95,41318,120752.19,1074.5,19726.78
Scenic Ridge Construction,Agape Safe Haven,No,Bid Submitted,No,Yes,10/6/2025,Steffy Rick,2510 - ASH,159983.6,54952.95,41318,120752.19,1074.5,19726.78
Speedwell Construction Inc.,Agape Safe Haven - Speedwell,No,Bid Submitted,No,Yes,10/6/2025,Steffy Rick,2510 - ASH,159983.6,54952.95,41318,120752.19,1074.5,19726.78
(blank),Paradise Masonry Time Tracking,No,Estimating,Yes,Yes,10/2/2025,Gilmore Todd,PMC Time,27325.17,1482,1482,27325.17,39,57
"B.R. Kreider & Son, Inc.",Baron Run,No,Bid Submitted,No,Yes,10/1/2025,Steffy Rick,2510 - BR,96764.73,49415.49,37154.5,72755.46,965,2508.18
"Hoover Building Specialists, Inc.",Stevens Feed Mill Schoeneck,No,In Progress,Yes,No,9/29/2025,Steffy Rick,2509 - SFMS,588622.3,210431.32,158219,446215.28,4111.5,19585.86
(blank),Witmer Property,No,Estimating,No,Yes,9/29/2025,Stoltzfus Levi,Witmer Property,,,,,,
Heck Construction,Western Corners Retail,No,Lost,No,Yes,9/26/2025,Steffy Rick,2509 - WCR,79994.94,37088.39,27886,60430.76,724,11483.71
"Hoover Building Specialists, Inc.",California Closets,No,Lost,No,Yes,9/26/2025,Swinehart Shelly,2504-CC,40066.61,11731.93,8821,30628.72,229,830.85
Heck Construction,Brookside Phase 8,No,Bid Submitted,No,Yes,9/25/2025,Steffy Rick,2509 - BS,112351.73,58204.82,43763,84869.72,1136,12855.88
Heck Construction,Guardian Barriers,No,Complete,Yes,No,9/25/2025,Steffy Rick,2509 - GB,3216.66,2207.14,1659.5,2418.53,43,56.35
J.E. Horst Building and Remodeling,Butler Annville Pump House,No,In Progress,Yes,No,9/24/2025,Steffy Rick,2509 - BAPH,11574.42,7570.36,5692,8828.48,148,860.14
(blank),701 Poplar Church Rd,No,Estimating,No,Yes,9/24/2025,Swinehart Shelly,701 Poplar Church Rd,,,,,,
(blank),Alexander Drive Addition,No,Estimating,No,Yes,9/24/2025,Gilmore Todd,Alexander Drive Addition,80240.19,9956,9956,80240.19,262,25954.37
(blank),Paneling Sales Pine Building,No,Estimating,No,Yes,9/24/2025,Gilmore Todd,Paneling Sales Pine Building,,,,,,
"Hoover Building Specialists, Inc.",Burkholder Tractor,No,In Progress,Yes,No,9/23/2025,Steffy Rick,2509 - BT,379839.36,80313.05,58234.62,277390.13,1532.49,5088.94
"Benchmark Construction Co., Inc.",Fellowship Community - IL Apartment Building,No,Bid Submitted,No,Yes,9/18/2025,Steffy Rick,2509 - FCAB,568192.5,283677.13,213291.09,430616.11,5563.27,73281.12
High Construction Company,Audubon Collegeville,No,Estimating,Yes,No,9/18/2025,Stoltzfus Jr Isaac,2518 - AC,2121496.26,0,0,2018818.28,0,90462.7
"Hoover Building Specialists, Inc.",Martin Appliance- Reading,No,Bid Submitted,No,Yes,9/18/2025,Swinehart Shelly,2509-MAR,318926.11,91095.85,68493.1,242334.25,1783.7,8183.6
Speedwell Construction Inc.,Giant Food Store,No,Lost,No,Yes,9/18/2025,Stoltzfus Jr Isaac,2508 - GI,680542.1,217494.46,161107,517305.43,4173,122642.14
Heck Construction,Richmond Square,No,Bid Submitted,No,Yes,9/16/2025,Steffy Rick,2509 - RS,235249.64,37166.2,27944.5,197389.8,728,13465.02
"Hench General Contracting, LLC",Greenscapes,No,Bid Submitted,No,Yes,9/16/2025,Steffy Rick,2509 - GS,52594.14,20372.29,15317.5,39623.41,397.5,9278.52
Wohlsen Construction Company,ACTS Lower Gwynedd - Oakbridge Terrace,No,Bid Submitted,No,Yes,9/16/2025,Stoltzfus Jr Isaac,2508 - OT,753968.87,85761.74,64482.5,610629.21,1668.5,56033.58
Horst Excavating,Eagle Point - Horst,No,Bid Submitted,No,Yes,9/10/2025,Steffy Rick,2509 - EP,168358.86,44310.82,33568.8,128759.73,873.1,29568.2
Scenic Ridge Construction,Sadsbury Commons,No,Bid Submitted,No,Yes,9/10/2025,Stoltzfus Jr Isaac,2508 - SC,1001905.8,236621.22,179258.5,769995.32,4650,182089.21
"B.R. Kreider & Son, Inc.",Eagle Point,No,Lost,No,Yes,9/9/2025,Steffy Rick,2509 - EP,168358.86,44310.82,33568.8,128759.73,873.1,29568.2
Modern Country Homes,Modern Country Homes,No,Bid Submitted,No,Yes,9/9/2025,Steffy Rick,2509 - MCH,90992.14,16555.7,12355,68610.45,322,922.15
Scenic Ridge Construction,Pro Ag,No,Bid Submitted,No,No,9/9/2025,Steffy Rick,2509 - PA,190844.91,37354.73,28086.25,154901.11,726.25,10874.13
Paul Risk Construction,Mercedes of Wilmington PR,No,Bid Submitted,No,Yes,9/8/2025,Steffy Rick,2508 - MOWPR,559445.88,174602.79,130300.59,428040.48,3394.65,59634.38
Heck Construction,701 Poplar Church Road,No,In Progress,No,No,9/4/2025,Steffy Rick,2509 - PCR,29350.19,12270.38,9225.85,22195.51,240.07,459.07
Heck Construction,Regency Square Concrete Replacement,No,Lost,No,Yes,9/4/2025,Steffy Rick,2509 - RSCR,2075.91,1423.1,1070,1609.01,27.8,44.44
(blank),Shop_Equipment_Test,No,Estimating,No,Yes,9/4/2025,Gilmore Todd,Shop_Equipment_Test,,,,,,
SOP Inc,FOR_SOP_CREATION,No,Lost,Yes,Yes,9/3/2025,Gilmore Todd,9009,215144,37107,16492,176885.67,434,9045
(blank),New Project,Yes,Estimating,No,No,9/3/2025,Gilmore Todd,(blank),,,,,,
"Benchmark Construction Co., Inc.",Cornwall Manor Grandview Circle,No,Bid Submitted,No,Yes,9/2/2025,Steffy Rick,2509 - CMGC,84999.72,42039.75,31608.81,64851.06,822.51,10765.86
"Hoover Building Specialists, Inc.",Offroad Motorsports,No,Bid Submitted,No,Yes,9/2/2025,Swinehart Shelly,2509-ORMS,48757.25,19145.4,14395.04,36754.91,374.58,1414.9
(blank),PMC_Shop_Time,No,Estimating,No,Yes,9/2/2025,Gilmore Todd,PMC_Shop_Time,,,,,,
Berg Construction,Washburn Dam,No,In Progress,Yes,No,8/29/2025,Steffy Rick,2508 - WD,56958.39,28563,19042,38934.61,495.2,3802.21
"Hoover Building Specialists, Inc.",Cozy Cabins Shed,No,Bid Submitted,Yes,No,8/29/2025,Swinehart Shelly,2508-CCS,31414.13,10330.71,7767.45,23809.13,201.87,904.7
MK Builders,Lumber Storage Building,No,Bid Submitted,No,Yes,8/29/2025,Stoltzfus Jr Isaac,2508 - LS,181941.08,29650.74,21963.5,135641.58,573,39689.13
CCS Building Group,Jersey Mikes WVA,No,Lost,No,Yes,8/28/2025,Steffy Rick,2508 - JM,3528.91,2150.7,1605,2633.52,41.7,73.79
Heck Construction,EASS Renovation,No,Lost,No,Yes,8/28/2025,Steffy Rick,2528 - EASS,18763.94,11515.58,8593.72,14019.63,193.65,1412.69
Berg Construction,Lanchester Landfill - WAGA Energy,No,Bid Submitted,No,Yes,8/27/2025,Steffy Rick,2508 - LLWE,242169.03,134957.31,100714.4,181754.77,1927.36,14600.08
CCS Building Group,Loft Community Partners,No,Complete,Yes,Yes,8/26/2025,Stoltzfus Jr Isaac,2508 - LC,9085.99,5060.51,4172,7526.58,108,1437.99
Brecknock Builders LLC,Deck Craft Plus,No,Bid Submitted,No,Yes,8/25/2025,Swinehart Shelly,2508-DCP,19918.56,7438.69,5593,15142.82,144.5,875.63
Raymond King,Raymond King,No,Bid Submitted,No,Yes,8/25/2025,Swinehart Shelly,0825-RK,3087.06,0,0,2756.3,0,47.32
Warfel Construction,ACTS Lower Gwynedd - Oakbridge Terrace,No,Bid Submitted,No,Yes,8/25/2025,Stoltzfus Jr Isaac,2508 - OT,837739.01,120559.87,90646.5,676826.79,2110.5,74453.52
High Construction Company,Kettle And Fire Cooling Tower Pad,No,Bid Submitted,No,Yes,8/22/2025,Steffy Rick,2508 - KFCTP,33571.1,10253.77,7709.6,26801.28,200.2,1616.43
"Hoover Building Specialists, Inc.",Superior Trusses Sprinkler System,No,Bid Submitted,No,Yes,8/21/2025,Swinehart Shelly,2508-STWW,914.79,711.55,535,687.81,13.9,14.92
(blank),Mechanicsburg Volunteer Fire Department,No,Estimating,No,Yes,8/21/2025,Stoltzfus Jr Isaac,Mechanicsburg Volunteer Fire Department,,,,,,
"Milex Construction, LLC",Sadsbury Commons,No,Accepted,Yes,No,8/19/2025,Stoltzfus Jr Isaac,2508 - SC,1318441.66,449097.65,335147.5,1008736.79,7599.5,473183.3
Scenic Ridge Construction,Alexander Drive Addition,No,In Progress,No,No,8/19/2025,Steffy Rick,2508 - ADA,105808.73,13404.27,10078.4,80362.59,262,25954.37
(blank),Ducklings Ambassador Circle,No,Estimating,No,Yes,8/15/2025,Stoltzfus Levi,Ducklings Ambassador Circle,,,,,,
(blank),Gables 608,No,Estimating,No,Yes,8/15/2025,Stoltzfus Levi,Gables 608,,,,,,
Brecknock Builders LLC,Nasatka Security Addition,No,Bid Submitted,No,Yes,8/14/2025,Steffy Rick,2508 - NSA,41232.4,14571.01,10955.65,31299.55,285.67,5889.19
"C. Raymond Davis & Sons, Inc.",Mercedes of Wilmington,No,Bid Submitted,No,Yes,8/14/2025,Steffy Rick,2508 - MOW,559445.88,174602.79,130300.59,428040.48,3394.65,59634.38
"Centurion Construction Group, LLC",Coplay Loadout Addition,No,In Progress,Yes,No,8/14/2025,Stoltzfus Jr Isaac,2508 - CL ,150831.7,65839.71,49503.5,113889.39,1284.5,19767.49
"Hoover Building Specialists, Inc.",Paragon Computing Solutions,No,In Progress,No,No,8/14/2025,Steffy Rick,2508 - PCS,22314.01,7780.71,5850.15,16902.44,152.05,706.07
Brecknock Builders LLC,Alza,No,Bid Submitted,No,Yes,8/13/2025,Steffy Rick,2508 - A,25556.52,4618.69,3472.7,19341.76,91.36,721.04
Brecknock Builders LLC,Nasatka Security,No,Bid Submitted,No,Yes,8/13/2025,Steffy Rick,2508 - NS,42948.41,16009.75,12037.4,32589.78,314.6,5164.85
"Hoover Building Specialists, Inc.",Cozy Cabins,No,Bid Submitted,No,Yes,8/13/2025,Swinehart Shelly,2508-CC,1127991.22,194845.94,146500.71,853644.65,3811.24,22976.93
J.E. Horst Building and Remodeling,Blue Ridge School,No,In Progress,Yes,No,8/13/2025,Steffy Rick,2508 - BRS,66344.44,0,0,50715.25,566.24,20512.4
"Benchmark Construction Co., Inc.",Hershey Lumber Company,No,Bid Submitted,No,Yes,8/12/2025,Steffy Rick,2508 - HLC,2244771.11,701265.05,523332.13,1742099.96,13599.36,230258.2
"Centurion Construction Group, LLC",Fresh Express Cull Waste Expansion,No,Bid Submitted,No,Yes,8/12/2025,Stoltzfus Jr Isaac,2508 - FE ,88056.83,39967.87,30051,66794.47,780,9970.53
"Hoover Building Specialists, Inc.",Deihm Services,No,Bid Submitted,No,Yes,8/12/2025,Swinehart Shelly,2508-DS,320966.72,70580.38,53067.95,243870.7,1383.11,7935.32
"Hoover Building Specialists, Inc.",Earl R Martin- Truck Shop,No,Bid Submitted,No,Yes,8/12/2025,Swinehart Shelly,2508-ERM,70727.58,17188.18,12923.45,53763.9,337.17,1884.13
"Hoover Building Specialists, Inc.",Cozy Cabins Mezzanine 2025,No,Bid Submitted,No,Yes,8/11/2025,Swinehart Shelly,2508-CCM,11553.41,5047.15,3794.85,8835.95,98.67,354.24
Onvo,Onvo Paid Truck Parking,No,Lost,No,Yes,8/11/2025,Steffy Rick,2508 - OPTP,137708.36,61483.28,44878.3,102430.23,1171.46,10874.99
CCS Building Group,Gables 852 Patio,No,Complete,No,Yes,8/8/2025,Steffy Rick,2505 - G852P,6316.1,4126.7,2846,4492.48,74,109.23
"C. Raymond Davis & Sons, Inc.",Canine Partners for Life,No,In Progress,Yes,No,8/6/2025,Stoltzfus Jr Isaac,2508 - CP,84515.97,27016.44,20467,64524.67,531,15663.69
Paul Risk Construction,Piazza Porsche,No,Bid Submitted,No,Yes,8/4/2025,Steffy Rick,2508-PP,460502.03,182955.83,136534.19,346911.34,3558.37,51440.7
AB Martin,AB Martin 34 Denver Road,No,Complete,Yes,No,8/1/2025,Stoltzfus Jr Isaac,2508-AB,101116.51,25427.62,19118.5,76537.42,497,15219.96
American Construction And Concrete,PSECU,No,Bid Submitted,No,Yes,7/31/2025,Steffy Rick,2507 - PSECU,90350.34,36485.59,27228.06,68266.86,708.52,10347.61
"Hoover Building Specialists, Inc.",Lancaster Log Cabins 2025,No,Bid Submitted,No,Yes,7/31/2025,Swinehart Shelly,2507-LLC,1341802.79,297181.35,219144.03,1012679.05,5705.99,29993.5
"Hoover Building Specialists, Inc.",WS Bath,No,Bid Submitted,No,Yes,7/29/2025,Steffy Rick,2507 - WSB,2345.78,1408.47,1059,1763.75,27.6,33.7
Funk Construction,Caring Cupboard,No,Bid Submitted,No,Yes,7/28/2025,Steffy Rick,2507 - CC,285565.61,116751.59,87783.15,215338.96,2284.14,31048.44
CH+N Site,Broadcasting District Site,No,In Progress,Yes,No,7/23/2025,Stoltzfus Jr Isaac,2507-BS,398870.9,0,0,301173.44,6384,110852.41
Berg Construction,SECCRA,No,Bid Submitted,No,Yes,7/22/2025,Steffy Rick,2507 - SECCRA,82311.38,18841.48,13956.65,61896.23,202.27,2391.45
CCS Building Group,Mosaic,No,Bid Submitted,No,Yes,7/21/2025,Steffy Rick,2507 - M,2282452.28,261959.46,196962,1915900.91,4539,710819.41
"Hoover Building Specialists, Inc.",Ladder Tower Addition,No,Bid Submitted,No,Yes,7/18/2025,Swinehart Shelly,2507-LTA,115515.06,16895.12,12703.1,86853.4,331.34,2944.2
Heck Construction,Lime Spring Office Building,No,Bid Submitted,No,Yes,7/16/2025,Steffy Rick,2507 - LSOB,214153.86,66611.2,50083.6,162609.17,1301.24,19612.94
"Centurion Construction Group, LLC",West Shore Country Club Addition,No,Bid Submitted,No,Yes,7/15/2025,Stoltzfus Jr Isaac,2507-WS,90328.69,34244.19,25747.5,68675.78,667.5,10578.2
Groffdale Concrete Walls,The Residences At Mill Creek,No,Bid Submitted,No,Yes,7/15/2025,Steffy Rick,2507 - TRMC,460994.37,247001.36,184497.3,343501.32,4668.74,96662.59
Rocky View Construction,Glicks Woodworks,No,Bid Submitted,No,Yes,7/14/2025,Steffy Rick,2506-GW,102847.65,25974.1,19529.4,78023.99,507.4,20972.59
"Hoover Building Specialists, Inc.",Paneling Sales- North Building,No,Complete,No,No,7/11/2025,Swinehart Shelly,(blank),39520.03,12695.58,9545.55,29714.31,248.53,1118.45
"Hoover Building Specialists, Inc.",Superior Truss Lumber Storage Addition,No,Bid Submitted,No,Yes,7/10/2025,Steffy Rick,2507 - STLSA,47395.79,14138.91,10630.75,35825.4,277.27,1200.19
Hershey Excavating LLC,GSK B40 Loading Dock,No,Lost,No,Yes,7/8/2025,Stoltzfus Jr Isaac,2507-GS,110091.14,70060.5,46707,75000.95,1196,5424.29
"Hoover Building Specialists, Inc.",White Oak Church,No,Bid Submitted,No,Yes,7/8/2025,Swinehart Shelly,25-07-WOC,97300.01,33814.52,25424.45,74474.76,661.07,3227.52
"Ames Construction, Inc.",WaWa #8191 Hummelstown Ames,No,Bid Submitted,No,Yes,7/2/2025,Steffy Rick,2506 - WH,399730.41,148422,112440.9,304083.39,2933.8,43315.9
"Hoover Building Specialists, Inc.",Superior Truss Storage Shed,No,Bid Submitted,No,Yes,7/2/2025,Steffy Rick,2507 - STSS,52945.3,16614.9,12492.4,39997.96,325.6,1181.62
CCS Building Group,Gables 608 Patio,No,Complete,No,No,6/30/2025,Steffy Rick,2506 - GP,6312.1,4126.7,2846,4489.73,74,108.79
"Hoover Building Specialists, Inc.",Shalom Mennonite School,No,Bid Submitted,No,Yes,6/30/2025,Steffy Rick,2506 - SMS,1144.91,368.41,277,902.68,7.2,12.7
Speedwell Construction Inc.,WaWa #8191 Hummelstown,No,Bid Submitted,No,Yes,6/30/2025,Steffy Rick,2506 - WH,212459.63,75315.18,57056.95,164167.65,1488.6,21989.98
Warfel Construction,Tel Hai Health Center,No,In Progress,Yes,No,6/26/2025,Stoltzfus Jr Isaac,2506 - TH,374456.04,94649.12,72040.5,290770.81,1747.5,62289.05
(blank),John Stoltzfus ,Yes,Estimating,No,No,6/25/2025,Stoltzfus Jr Isaac,(blank),17602.51,0,0,17602.51,0,3756.74
"Hoover Building Specialists, Inc.",Shank Door Main Building,No,In Progress,Yes,No,6/23/2025,Swinehart Shelly,2506-SDMB,657116.01,137394.14,103303.85,497387.12,2690.41,12807.46
CH+N Site,Reserve at Eagles Landing,No,Bid Submitted,No,Yes,6/19/2025,Stoltzfus Jr Isaac,2506-RE,156985.33,64657.95,48615,118034.08,1261,37911.73
Speedwell Construction Inc.,Piazza Volkswagen,No,Lost,No,Yes,6/18/2025,Steffy Rick,2506 - PV,512918.34,180043.61,117937.9,342080.27,3069.62,36965.07
Hershey Excavating LLC,High Steel 604 Projects Hershey Excavating,No,Bid Submitted,No,Yes,6/17/2025,Steffy Rick,2506 - HS604P,40752.71,24595.7,16962.55,28188.09,440.67,1651.97
"Hoover Building Specialists, Inc.",Family Treasures Wholesale,No,In Progress,Yes,No,6/17/2025,Steffy Rick,2506 - FTW,218222.98,40651.4,30564.95,164860.06,795.49,4831.9
Brecknock Builders LLC,Smucker Energy,No,Bid Submitted,No,Yes,6/16/2025,Steffy Rick,2506 - SE,102027.85,26663.79,20047.95,78199.7,522.03,23775.97
"Hoover Building Specialists, Inc.",Stoltzfus Hardwoods- Storage Building,No,In Progress,Yes,No,6/16/2025,Swinehart Shelly,2506-SH,79903.32,15011.72,11287,60418.72,293,1909.84
"High Steel Structures, LLC",High Steel 604 Projects,No,Bid Submitted,No,Yes,6/12/2025,Steffy Rick,2506 - HS604P,48206.26,26068.98,19310.35,37071.49,499.77,1817.77
Caritas Construction,Orchard Square 2,No,Bid Submitted,No,Yes,6/6/2025,Stoltzfus Jr Isaac,2506-OS ,507728.3,156803.69,117897.5,385188.43,3058.5,69954.05
CBG Building Company,CANVAS Lawrenceville-Apartments,No,Bid Submitted,No,Yes,6/6/2025,Stoltzfus Jr Isaac,2506 - CL ,2289490.14,748388.41,583656,1799630.95,15167,380662.96
"Hoover Building Specialists, Inc.",Eagle Car Wash Equipment,No,Bid Submitted,No,Yes,6/6/2025,Swinehart Shelly,25-06-ECWE,39472.32,14090.12,10594.06,29976.18,275.57,1185.48
Warfel Construction,Lancaster Archery,No,Bid Submitted,No,Yes,6/4/2025,Stoltzfus Jr Isaac,2506-LA,144386.6,28012.5,20750,108613.47,538,33954.14
BN Excavating Inc.,Wilson Southern Middle School,No,Bid Submitted,No,Yes,6/3/2025,Stoltzfus Jr Isaac,2506-WS ,48516.36,22270.19,16744.5,36478.45,316.5,8863.08
CH+N Site,Swedesford Road Bear Hill Elementary,No,Bid Submitted,No,Yes,5/30/2025,Steffy Rick,2505 - SRBHE,294673.13,160269.43,120503.34,221558.74,1713.3,28476.79
Keystone Steel Structures,West Building Wolf Movers Keystone,No,Bid Submitted,No,Yes,5/27/2025,Steffy Rick,WBWMK - 25 - 001,209213.03,30243.4,22739.4,159010.43,590.8,35321
(blank),Onvo Duncannon,No,Lost,No,Yes,5/27/2025,Steffy Rick,2505 - OD,71570.58,20657.56,15532,54643.44,404.8,9874.5
Harkins Builders,Ardmore House II,No,Lost,No,Yes,5/22/2025,Stoltzfus Jr Isaac,2505-AH,448961.29,106056.9,79742,369210.28,1788,21150.01
"Hoover Building Specialists, Inc.",Heritage Metalworks,No,Bid Submitted,No,Yes,5/21/2025,Swinehart Shelly,2505 - HM,34943.82,11355.54,8538,26273.56,222,863.62
Brecknock Builders LLC,Frecon Farms,No,Bid Submitted,No,Yes,5/19/2025,Stoltzfus Jr Isaac,2505-25,220072.53,74996.71,56388.5,167347.61,1463.5,50956.39
Brecknock Builders LLC,West Building Wolf Movers,No,Bid Submitted,No,Yes,5/19/2025,Steffy Rick,WBWM - 25 - 001,219767.56,37057.36,28073.75,168128.98,731.53,35489.73
Paul Risk Construction,La Petite Academy,No,Bid Submitted,No,Yes,5/15/2025,Stoltzfus Jr Isaac,2505-LA,190792.07,67539.41,44576,127130.66,1159.5,26299.6
Paul Risk Construction,La Petite Academy,No,Invitations,No,No,5/15/2025,(blank),(blank),,,,,,
Universe Construction LLC,Fisher Project,No,Lost,No,Yes,5/15/2025,Stoltzfus Jr Isaac,2505-FP,81744.58,21160.3,15910,62136.6,414,16133.85
Fernmoor Homes,Rockvale Apartments,No,Bid Submitted,No,Yes,5/14/2025,Stoltzfus Jr Isaac,2505-RA ,633824.2,237851.92,178836,485716.08,4640,87257.48
"Hoover Building Specialists, Inc.",Weiler Walls,No,Bid Submitted,No,Yes,5/13/2025,Swinehart Shelly,WWS-25-001,344756.56,84738.39,63713.05,260186.4,1662.93,7721.71
"Milex Construction, LLC",Willow Grove Retail Buildings D,No,Lost,No,Yes,5/13/2025,Stoltzfus Jr Isaac,WR-25-001,143808.64,41062.96,30644,113863.88,778,14633.31
"Hoover Building Specialists, Inc.",True Legacy Metals,No,Bid Submitted,No,Yes,5/12/2025,Swinehart Shelly,TLM-25-001,169561.45,36018.86,27081.85,128323.16,704.43,4088.64
"Milex Construction, LLC",Willow Grove Retail Buildings H,No,Lost,No,Yes,5/12/2025,Stoltzfus Jr Isaac,WR-25-001,106380.14,35997.76,26864,83975.62,681.5,8326.81
"B.R. Kreider & Son, Inc.",MVFD-Sitework,No,Lost,No,Yes,5/8/2025,Stoltzfus Jr Isaac,2505-MV,23476.34,11045.04,8181.5,17389.88,152,4092.14
"Centurion Construction Group, LLC",Mechanicsburg Volunteer Fire Department,No,In Progress,Yes,No,5/8/2025,Stoltzfus Jr Isaac,2505-MF,296399.06,126824.9,97557.6,229638.18,1860.5,33245.81
"Centurion Construction Group, LLC",Westminster Presbyterian Addition,No,In Progress,Yes,No,5/8/2025,Stoltzfus Jr Isaac,2505-WP,87503.01,34892.57,26235,66011.73,681,12429.34
CGA Construction,The Learning Experience,No,Complete,Yes,No,5/6/2025,Steffy Rick,2505 - TLE,65595.53,27032.24,20325,49947.88,528.48,14696.69
CGA Construction,Wildflower Commons - Future Building,No,Complete,No,No,5/5/2025,Steffy Rick,25050 - WCFB,34009.89,16682.67,12759.21,26171.76,331.55,7794.31
CCS Building Group,Gables 833 Patio ,No,Complete,No,No,5/1/2025,Steffy Rick,(blank),6316.1,4126.7,2846,4492.48,74,109.23
"Centurion Construction Group, LLC",Godshall's Quality Meats,No,Bid Submitted,No,Yes,5/1/2025,Stoltzfus Jr Isaac,2505-GM,742833.92,216316.68,155623.5,540552.77,4040.5,73605.59
"Hoover Building Specialists, Inc.",Stevens Feed Mill-Denver,No,Bid Submitted,No,Yes,4/29/2025,Swinehart Shelly,SFM-25-001,27768.64,8566.2,6440.75,21057.42,167.73,555.42
"Hoover Building Specialists, Inc.",Kemper Equipment,No,In Progress,Yes,No,4/24/2025,Steffy Rick,2505 - KE,74877.12,17244.78,12966,56525.94,337,1651.44
"Hoover Building Specialists, Inc.",The Trailer Shoppe,No,Bid Submitted,No,Yes,4/23/2025,Swinehart Shelly,TTS-25-001,48144.85,11603.45,8724.4,36199.15,227.6,1204.4
Keystruct Construction LLC,Commerce Drive Production Facility,No,Bid Submitted,No,Yes,4/17/2025,Steffy Rick,CD - 25 - 001,864776.77,213536.75,160553.94,655376.36,4186.96,106547.52
Metropolitan Companies,Dublin Village II Apartments ,No,Lost,No,No,4/14/2025,Stoltzfus Jr Isaac,(blank),163389.15,37855.15,28462.5,129901.37,738.5,7896
Metropolitan Companies,Millersville Apartments ,No,Lost,No,No,4/14/2025,Stoltzfus Jr Isaac,(blank),362689.33,116193.23,87363.3,275321.98,2263.54,57508.74
Buch Construction,Broadcasting Village,No,Bid Submitted,Yes,No,4/11/2025,Stoltzfus Jr Isaac,BV-25-001,1459233.89,444192.79,333497,1154166.75,8654,145487.18
CCS Building Group,West King Street,No,Lost,No,Yes,4/11/2025,Steffy Rick,WKS - 25 - 001,13256.13,6596.91,4886.6,10428.81,127.7,418.83
"Hoover Building Specialists, Inc.",Alderfer Eggs Curb,No,Bid Submitted,No,Yes,4/10/2025,Steffy Rick,AE - 25 - 001,2634.01,1906.82,1423,1965.68,37,76.93
"Benchmark Construction Co., Inc.",St Annes Cottages 45 & 46,No,Complete,No,No,4/9/2025,Stoltzfus Jr Isaac,(blank),77754.24,31799.54,23731,58096.92,616,7477.04
"Hoover Building Specialists, Inc.",Shank Door Site,No,In Progress,Yes,No,4/9/2025,Swinehart Shelly,SDS-25-001,416197.59,75253.54,56581.6,312930.53,1471.9,9780.49
(blank),Fleetwood Polebarns,No,Bid Submitted,No,Yes,4/9/2025,Steffy Rick,FPB - 25 - 001,233241.91,35203.94,26271.6,177142.76,684.2,2988.9
"B.R. Kreider & Son, Inc.",Brookside Enterprise Phase 6,No,Bid Submitted,No,Yes,4/8/2025,Steffy Rick,BSE - 25 - 001,189404.2,45970.13,34306.07,142742.14,889.33,33805.03
Paul Risk Construction,Solanco HS Toilet Room Reno,No,Invitations,No,No,4/8/2025,(blank),(blank),,,,,,
"Benchmark Construction Co., Inc.",Meadows Hybrid Homes Buildings 1 &2,No,Lost,No,Yes,4/7/2025,Stoltzfus Jr Isaac,MH-25-001,323455.84,104277.34,78404,245083.29,2006,41982.85
"Centurion Construction Group, LLC",Burkentine Warehouse,No,Bid Submitted,No,Yes,4/7/2025,Steffy Rick,BW - 25 - 001,1147873.36,266393.96,198801.46,859104.28,5199.31,142609.88
EGStoltzfus Commercial Construction,Meadows Hybrid Homes Buildings 1 &2,No,Lost,No,Yes,4/7/2025,Stoltzfus Jr Isaac,MH-25-001,323455.84,104277.34,78404,245083.29,2006,41982.85
High Construction Company,Meadows Hybrid Homes Buildings 1 &2,No,Lost,No,No,4/7/2025,Stoltzfus Jr Isaac,MH-25-001,323455.84,104277.34,78404,245083.29,2006,41982.85
"Professional Design & Construction, LLC",Stable Hollow Facility,No,Bid Submitted,No,Yes,4/4/2025,Steffy Rick,SHF - 25 - 001,446194.32,163201.63,122707.98,337368.82,3118.55,57881.6
Warfel Construction,The Meadows Hybrid Homes Buildings 1 &2,No,Lost,No,Yes,4/4/2025,Stoltzfus Jr Isaac,MH-25-001,323455.84,104277.34,78404,245083.29,2006,41982.85
Wohlsen Construction Company,Crossroads Beverage,No,Lost,No,No,4/2/2025,Steffy Rick,CB - 25 - 001,5118339.86,482108.05,362487.26,3852769.04,9462.03,301034.08
CBG Building Company,Willow Grove Retail Buildings D & H,No,Bid Submitted,Yes,No,4/1/2025,Stoltzfus Jr Isaac,WR-25-001,238264.59,77289.27,56956,185380.34,1459.5,23032.12
CH+N Site,Middletown Area Primary School,No,In Progress,Yes,No,3/27/2025,Steffy Rick,MAPS - 25 - 001,423472.18,230931.17,173632.5,318400.18,3313.79,8483.8
Heck Construction,Morgan Truck Body,No,Lost,No,Yes,3/26/2025,Steffy Rick,MTB - 25 - 001,46024.93,21971.93,16645.4,34958.27,445.8,5479.19
Heck Construction,Ducklings Ambassador Circle,No,In Progress,Yes,No,3/21/2025,Steffy Rick,DAC - 25 - 001,207371.93,68533.97,51529.3,162864.86,1341.6,20335.31
"Hoover Building Specialists, Inc.",Penn Valley Gas,No,In Progress,No,No,3/21/2025,Stoltzfus Levi,PV-24-002,97309.41,23907.97,17324.58,70723.35,486.05,38392.26
"Hoover Building Specialists, Inc.",Prestige Painting,No,Bid Submitted,No,Yes,3/21/2025,Swinehart Shelly,PRE-25-001,260773.93,44891.94,33753.34,197070.99,934.43,5234.06
CCS Building Group,Parking Garage Infill,No,Complete,No,Yes,3/20/2025,Stoltzfus Jr Isaac,PI-25-002,5808.63,2485.77,1869,4644.91,51,445.75
CBG Building Company,Willow Grove Site,No,Bid Submitted,Yes,No,3/19/2025,Stoltzfus Jr Isaac,WG-25-001,612636.28,254010.33,185409,470630.6,4817,121834.89
eciConstruction,Railroad Museum of PA,No,Lost,No,Yes,3/19/2025,Stoltzfus Jr Isaac,RM-25-001,737865.49,249233.12,191130.87,564284.64,3352.5,62078.88
George Allen Construction,Railroad Museum of PA,No,Lost,No,Yes,3/19/2025,Stoltzfus Jr Isaac,RM-25-001,737865.49,249233.12,191130.87,564284.64,3352.5,62078.88
"Hoover Building Specialists, Inc.",Paneling Sales- Main Building,No,Complete,Yes,No,3/19/2025,Swinehart Shelly,PAN-25-001,92492.56,32248.11,24246.7,70277.45,663.28,2668.93
"Hoover Building Specialists, Inc.",Garden Spot Fire & Rescue,No,Lost,No,Yes,3/14/2025,Swinehart Shelly,GSF-25-001,130144.01,33340.12,25067.75,98520,693.5,4397.08
"Hoover Building Specialists, Inc.",Paneling Sales- Pine Building,No,Complete,No,No,3/14/2025,Swinehart Shelly,(blank),27523.88,7643.91,5747.3,20992.4,158.6,752.25
"Hoover Building Specialists, Inc.",Modern Country Homes,No,Lost,No,Yes,3/7/2025,Swinehart Shelly,MCH-25-001,175002.06,34595.5,26011.65,132277.73,711.3,3365.31
IMC Construction,SPD Jaindl Farms ,No,Bid Submitted,No,No,3/6/2025,Stoltzfus Jr Isaac,(blank),298891.65,92317.48,67880.5,227767.17,1806,43261.67
BN Excavating Inc.,Ducklings Ambassador Circle Site,No,Complete,Yes,No,3/5/2025,Stoltzfus Jr Isaac,DA-25-001,29424.97,15306.66,11508.75,22124.03,316.5,5016.54
"B.R. Kreider & Son, Inc.",Clark Associates Lancaster,No,Complete,Yes,No,3/4/2025,Steffy Rick,CAL - 25 - 001,44322.57,22394.21,17063.95,33800.5,472.49,11468.43
"Hoover Building Specialists, Inc.",Golden Barrel Addition,No,Lost,No,Yes,3/4/2025,Swinehart Shelly,GBA-25-001,17991.96,5638.7,4239.63,13527.82,116.13,831.27
"Hoover Building Specialists, Inc.",Mountain Supply,No,Delayed,No,Yes,3/4/2025,Swinehart Shelly,MOU-25-001,139934.24,38363.2,28844.5,105213.72,790,3257.06
American Construction And Concrete,Townplace Suites - Lebanon,No,Lost,No,Yes,2/20/2025,Stoltzfus Jr Isaac,TS-25-001,321735.37,69129.72,52371,262639.84,1428,31900.98
"Hoover Building Specialists, Inc.",Tamaqua Truck and Trailer,No,Lost,No,Yes,2/20/2025,Swinehart Shelly,TAM-25-001,13116.28,6456.5,4854.5,9861.85,134,535
"B.R. Kreider & Son, Inc.",T2T Veterans Village,No,Lost,No,Yes,2/19/2025,Steffy Rick,T2T - 25 - 001,127711.45,58534.06,44010.55,96023.66,1227.1,24153.69
Dove Contracting Inc,CONSTRUCT HANGAR AND PARKING LOT - INDIANA COUNTY JIMMY STEWART AIRPORT ,No,Invitations,No,No,2/19/2025,(blank),(blank),,,,,,
J.E. Horst Building and Remodeling,Zimmeys Auto 24-145,No,Delayed,No,Yes,2/19/2025,Swinehart Shelly,ZIM-25-001,3808.33,2508,2508,3808.33,69,186.85
"Caldwell, Heckles and Egan, Inc.",Railroad Museum of PA,No,Lost,No,Yes,2/14/2025,Stoltzfus Jr Isaac,RM-25-001,737865.49,249233.12,191130.87,564284.64,3352.5,62078.88
CCS Building Group,Parking Garage Infill at 17 W. Vine Street,Yes,Complete,No,Yes,2/13/2025,Stoltzfus Jr Isaac,PI-25-001,5808.63,2485.77,1869,4644.91,51,445.75
Bozzuto Construction Company,"Residences at Providence Town Center, Phase 3",No,Bid Submitted,No,Yes,2/6/2025,Stoltzfus Jr Isaac,RP-25-001,1122967.49,366671.94,292254.5,898421.65,6932.5,143511.94
"Hoover Building Specialists, Inc.",Destiny Builders,No,Bid Submitted,No,Yes,2/6/2025,Swinehart Shelly,DES-25-001,72486.11,23294.96,17515,55142.34,478,1759.08
Speedwell Construction Inc.,Townplace Suites - Lebanon,No,Lost,No,Yes,2/4/2025,Stoltzfus Jr Isaac,TS-25-001,313673.04,65142.66,49350.5,256384.27,1335.5,30486.18
"Benchmark Construction Co., Inc.",UGI Middletown Warehouse,No,Complete,Yes,No,2/3/2025,Stoltzfus Jr Isaac,MW-25-001,257466.33,50180.46,38015.5,206477.11,1039,36386.58
Keystruct Construction LLC,Cumberland Township Municipal Building,No,Lost,No,Yes,2/3/2025,Stoltzfus Jr Isaac,CM-25-001,106421.9,48579.44,36525.85,80424.55,685,12895.87
Bancroft Construction,Longwood Gardens Repair,No,Complete,No,Yes,1/31/2025,Stoltzfus Jr Isaac,LG-25-001,2943.91,1576.24,1159,2164.64,31,33
High Construction Company,Collegeville Apartments,No,Bid Submitted,Yes,No,1/31/2025,Stoltzfus Jr Isaac,CA-25-001,3091289.92,720538.5,518373,2442413.22,13173,206024.9
"Hoover Building Specialists, Inc.",Christian Aid Ministry,No,Delayed,No,Yes,1/31/2025,Swinehart Shelly,CAM-25-001,5334.01,2846.2,2140,4107.61,55.6,70.45
"B.R. Kreider & Son, Inc.",Summerdale Apartments,No,Bid Submitted,No,Yes,1/28/2025,Steffy Rick,SA - 25 - 001,42515.95,22221.53,16707.9,31966.86,466.8,6779.49
"Hoover Building Specialists, Inc.",Metzler's Gymnastic Center,No,Delayed,No,Yes,1/27/2025,Swinehart Shelly,MGC-25-001,82946.2,16078.05,12088.75,62901.49,323.5,1895.39
Berg Construction,Penske Truck Collision Center,No,Bid Submitted,No,Yes,1/24/2025,Steffy Rick,PTCC - 25 - 001,171892.82,39499.4,29698.8,129242.71,825.6,32909.28
"Hoover Building Specialists, Inc.",McIlvaine Tree and Lawn,No,Bid Submitted,No,Yes,1/17/2025,Swinehart Shelly,MTL-25-001,25501.15,7287.47,5479.3,19173.8,151.6,667.06
"Callas Contractors, Inc.",Cumberland Township Municipal Building,No,Lost,No,Yes,1/16/2025,Stoltzfus Jr Isaac,CM-25-001,106421.9,48579.44,36525.85,80424.55,685,12895.87
"Hoover Building Specialists, Inc.",Denver Cold Storage Washington Street,No,Bid Submitted,No,Yes,1/16/2025,Swinehart Shelly,DCS=25-001,48038.09,19193.51,14431.21,36118.86,401.02,1824.45
"Hoover Building Specialists, Inc.",MB Glick,No,Delayed,No,Yes,1/14/2025,Steffy Rick,MBG - 25 - 001,25324.32,6817.59,5126,19040.84,140,665.07
"B.R. Kreider & Son, Inc.",Cross Keys Road Extension,No,Bid Submitted,No,Yes,1/6/2025,Steffy Rick,CKRE - 25 - 001,35783.1,15993.92,12025.5,26904.58,336,6898.75
"B.R. Kreider & Son, Inc.",Treehouse Foods,No,Lost,No,Yes,1/6/2025,Steffy Rick,TF - 25 - 001,65599.61,27077.48,20359,49323.01,568,11893.28
Ebersole Builders,Landis Homes Healthcare Suite,No,Bid Submitted,Yes,No,1/6/2025,Steffy Rick,LH - 25 - 001,20977.09,10556.9,7937.5,15850.6,217,2548.62
"Hoover Building Specialists, Inc.",Yates Rental,No,Lost,No,Yes,1/6/2025,Steffy Rick,YR - 25 - 001,76181.86,17884.52,13447,57279.59,370,2317.64
Heck Construction,Landis Homes Healthcare Suite,No,Bid Submitted,No,Yes,1/3/2025,Steffy Rick,LH - 25 - 001,20977.09,10556.9,7937.5,15850.6,217,2548.62
"Hoover Building Specialists, Inc.",Krager Properties,No,Bid Submitted,No,Yes,12/31/2024,Steffy Rick,KP - 24 - 001,54795.01,10963.2,8243,41199.25,230,641.04
"Hoover Building Specialists, Inc.",Paradise Energy Solutions Building,No,Bid Submitted,No,Yes,12/31/2024,Steffy Rick,PESB - 24-001,390013.93,90053.71,67709.5,294802.32,1837,5557.31
"Hoover Building Specialists, Inc.",Clark Transport Addition,No,Lost,No,Yes,12/30/2024,Steffy Rick,CTA - 24 - 001,31918.99,12268.6,9224.5,24251.33,256,554.85
"Hoover Building Specialists, Inc.",New Haven Restrooms,No,Lost,No,Yes,12/30/2024,Steffy Rick,NHR -  24 - 001,5314.43,2365.41,1778.5,3995.81,49,996.25
"Hoover Building Specialists, Inc.",Shank Door Wash Bay,No,Lost,No,Yes,12/30/2024,Steffy Rick,SD - 24 - 001,25981.27,8585.83,6455.5,19609,178,336.69
Funk Construction,Londonderry Village Villa B,No,Complete,No,Yes,12/24/2024,Stoltzfus Jr Isaac,LV-24-001 ,103853.65,27381.91,20434.25,77822.82,556.25,14340.98
"Hoover Building Specialists, Inc.",MH Eby,No,Bid Submitted,No,Yes,12/23/2024,Steffy Rick,MHE - 24 - 001,55692.31,12119.64,9112.5,41873.91,249,9996.22
"Hoover Building Specialists, Inc.",Paradise Energy Solutions,No,Lost,No,Yes,12/23/2024,Steffy Rick,PES - 24 - 001,73659.04,22161.8,16663,55382.76,434,2685.8
Double H Construction LLC,Hearthside Building,No,Bid Submitted,No,Yes,12/20/2024,Steffy Rick,HB - 24 - 001,54382.06,16566.9,11833.5,39278.78,324,11646.14
IMC Construction,Greystar Great Valley Residential,No,Lost,No,No,12/18/2024,Stoltzfus Jr Isaac,GR-25-001 ,4977132.51,658704.48,491570.5,4047652.15,13345,355937.48
BN Excavating Inc.,Poplar Church Road Site,No,Lost,No,Yes,12/10/2024,Stoltzfus Jr Isaac,PC - 24 - 001,112981.86,54610.38,41371.5,85592.34,1149.3,19101.87
Heck Construction,Poplar Square Apartment Building,No,Lost,No,Yes,12/6/2024,Stoltzfus Jr Isaac,PS - 24 - 001,548822.67,77698.19,59311.5,437382.27,1609.5,62906.72
"Hoover Building Specialists, Inc.",Penn Valley Gas (Old),Yes,To Do,No,Yes,12/3/2024,Stoltzfus Levi,PV-24-001,97309.41,23907.97,17324.58,70723.35,486.05,38392.26
High Construction Company,Greenfield Clubhouse,No,Complete,No,No,12/2/2024,Stoltzfus Jr Isaac,(blank),97806.79,27315.49,20851.5,76578.63,561,16434.24
"Paradise Masonry, LLC",LStoltzfus,Yes,Complete,No,Yes,11/16/2024,Stoltzfus Levi,LS-24-001,51729.54,7081.47,5447.29,40484.27,153.44,17770.21
(blank),Test project 2,No,Estimating,No,Yes,10/31/2024,Stoltzfus Levi,TP-24-001,67917.61,18351.21,14116.31,52244.28,6.62,28383.46
"Paradise Masonry, LLC",Stevens Feed Mill (Jr's. Demo Project),Yes,Estimating,No,No,10/29/2024,Steffy Rick,(blank),19884.68,3505.55,3505.55,19884.68,92.25,2740.92
(blank),PMC Test Project,No,Estimating,No,Yes,10/22/2024,Stoltzfus Jr Isaac,2024-10-001,102948.38,12794.88,12794.88,102948.38,0,342.76
(blank),Standard Project Template,No,Estimating,No,No,10/8/2024,Stoltzfus Levi,(blank),,,,,,
(blank),Sandbox Test Project,No,Estimating,No,Yes,10/7/2024,Stoltzfus Levi,12345,351161.14,19079.54,19079.54,351161.14,190.79,11418.77
